,ISO_name,Official state name,Sovereignty,A-2,A-3,num,TLD
0,Afghanistan,the Islamic Republic of Afghanistan,UN member,AF,AFG,004,.af
1,Åland Islands,Åland,Finland,AX,ALA,248,.ax
2,Albania,the Republic of Albania,UN member,AL,ALB,008,.al
3,Algeria,the People's Democratic Republic of Algeria,UN member,DZ,DZA,012,.dz
4,American Samoa,American Samoa,United States,AS,ASM,016,.as
5,Andorra,the Principality of Andorra,UN member,AD,AND,020,.ad
6,Angola,the Republic of Angola,UN member,AO,AGO,024,.ao
7,Anguilla,Anguilla,United Kingdom,AI,AIA,660,.ai
8,Antarctica ,Antarctica,Antarctic Treaty,AQ,ATA,010,.aq
9,Antigua and Barbuda,Antigua and Barbuda,UN member,AG,ATG,028,.ag
10,Argentina,the Argentine Republic,UN member,AR,ARG,032,.ar
11,Armenia,the Republic of Armenia,UN member,AM,ARM,051,.am
12,Aruba,the Country of Aruba,Netherlands,AW,ABW,533,.aw
13,Australia ,the Commonwealth of Australia,UN member,AU,AUS,036,.au
14,Austria,the Republic of Austria,UN member,AT,AUT,040,.at
15,Azerbaijan,the Republic of Azerbaijan,UN member,AZ,AZE,031,.az
16,Bahamas (the),the Commonwealth of The Bahamas,UN member,BS,BHS,044,.bs
17,Bahrain,the Kingdom of Bahrain,UN member,BH,BHR,048,.bh
18,Bangladesh,the People's Republic of Bangladesh,UN member,BD,BGD,050,.bd
19,Barbados,Barbados,UN member,BB,BRB,052,.bb
20,Belarus,the Republic of Belarus,UN member,BY,BLR,112,.by
21,Belgium,the Kingdom of Belgium,UN member,BE,BEL,056,.be
22,Belize,Belize,UN member,BZ,BLZ,084,.bz
23,Benin,the Republic of Benin,UN member,BJ,BEN,204,.bj
24,Bermuda,Bermuda,United Kingdom,BM,BMU,060,.bm
25,Bhutan,the Kingdom of Bhutan,UN member,BT,BTN,064,.bt
26,Bolivia (Plurinational State of),the Plurinational State of Bolivia,UN member,BO,BOL,068,.bo
27,BonaireSint EustatiusSaba,"Bonaire, Sint Eustatius and Saba",Netherlands,BQ,BES,535,.bq .nl 
28,Bosnia and Herzegovina,Bosnia and Herzegovina,UN member,BA,BIH,070,.ba
29,Botswana,the Republic of Botswana,UN member,BW,BWA,072,.bw
30,Bouvet Island,Bouvet Island,Norway,BV,BVT,074,
31,Brazil,the Federative Republic of Brazil,UN member,BR,BRA,076,.br
32,British Indian Ocean Territory (the),the British Indian Ocean Territory,United Kingdom,IO,IOT,086,.io
33,British Virgin Islands – See Virgin Islands (British).,,,,,,
34,Brunei Darussalam ,Brunei Darussalam,UN member,BN,BRN,096,.bn
35,Bulgaria,the Republic of Bulgaria,UN member,BG,BGR,100,.bg
36,Burkina Faso,Burkina Faso,UN member,BF,BFA,854,.bf
37,Burma – See Myanmar.,,,,,,
38,Burundi,the Republic of Burundi,UN member,BI,BDI,108,.bi
39,Cabo Verde ,the Republic of Cabo Verde,UN member,CV,CPV,132,.cv
40,Cambodia,the Kingdom of Cambodia,UN member,KH,KHM,116,.kh
41,Cameroon,the Republic of Cameroon,UN member,CM,CMR,120,.cm
42,Canada,Canada,UN member,CA,CAN,124,.ca
43,Cape Verde – See Cabo Verde.,,,,,,
44,"Caribbean Netherlands – See Bonaire, Sint Eustatius and Saba.",,,,,,
45,Cayman Islands (the),the Cayman Islands,United Kingdom,KY,CYM,136,.ky
46,Central African Republic (the),the Central African Republic,UN member,CF,CAF,140,.cf
47,Chad,the Republic of Chad,UN member,TD,TCD,148,.td
48,Chile,the Republic of Chile,UN member,CL,CHL,152,.cl
49,China,the People's Republic of China,UN member,CN,CHN,156,.cn
50,"China, The Republic of – See Taiwan (Province of China).",,,,,,
51,Christmas Island,the Territory of Christmas Island,Australia,CX,CXR,162,.cx
52,Cocos (Keeling) Islands (the),the Territory of Cocos (Keeling) Islands,Australia,CC,CCK,166,.cc
53,Colombia,the Republic of Colombia,UN member,CO,COL,170,.co
54,Comoros (the),the Union of the Comoros,UN member,KM,COM,174,.km
55,Congo (the Democratic Republic of the),the Democratic Republic of the Congo,UN member,CD,COD,180,.cd
56,Congo (the) ,the Republic of the Congo,UN member,CG,COG,178,.cg
57,Cook Islands (the),the Cook Islands,New Zealand,CK,COK,184,.ck
58,Costa Rica,the Republic of Costa Rica,UN member,CR,CRI,188,.cr
59,Côte d'Ivoire ,the Republic of Côte d'Ivoire,UN member,CI,CIV,384,.ci
60,Croatia,the Republic of Croatia,UN member,HR,HRV,191,.hr
61,Cuba,the Republic of Cuba,UN member,CU,CUB,192,.cu
62,Curaçao,the Country of Curaçao,Netherlands,CW,CUW,531,.cw
63,Cyprus,the Republic of Cyprus,UN member,CY,CYP,196,.cy
64,Czechia ,the Czech Republic,UN member,CZ,CZE,203,.cz
65,"Democratic People's Republic of Korea – See Korea, The Democratic People's Republic of.",,,,,,
66,"Democratic Republic of the Congo – See Congo, The Democratic Republic of the.",,,,,,
67,Denmark,the Kingdom of Denmark,UN member,DK,DNK,208,.dk
68,Djibouti,the Republic of Djibouti,UN member,DJ,DJI,262,.dj
69,Dominica,the Commonwealth of Dominica,UN member,DM,DMA,212,.dm
70,Dominican Republic (the),the Dominican Republic,UN member,DO,DOM,214,.do
71,East Timor – See Timor-Leste.,,,,,,
72,Ecuador,the Republic of Ecuador,UN member,EC,ECU,218,.ec
73,Egypt,the Arab Republic of Egypt,UN member,EG,EGY,818,.eg
74,El Salvador,the Republic of El Salvador,UN member,SV,SLV,222,.sv
75,Equatorial Guinea,the Republic of Equatorial Guinea,UN member,GQ,GNQ,226,.gq
76,Eritrea,the State of Eritrea,UN member,ER,ERI,232,.er
77,Estonia,the Republic of Estonia,UN member,EE,EST,233,.ee
78,Eswatini ,the Kingdom of Eswatini,UN member,SZ,SWZ,748,.sz
79,Ethiopia,the Federal Democratic Republic of Ethiopia,UN member,ET,ETH,231,.et
80,Falkland Islands (the) [Malvinas] ,the Falkland Islands,United Kingdom,FK,FLK,238,.fk
81,Faroe Islands (the),the Faroe Islands,Denmark,FO,FRO,234,.fo
82,Fiji,the Republic of Fiji,UN member,FJ,FJI,242,.fj
83,Finland,the Republic of Finland,UN member,FI,FIN,246,.fi
84,France ,the French Republic,UN member,FR,FRA,250,.fr
85,French Guiana,Guyane,France,GF,GUF,254,.gf
86,French Polynesia,Overseas Lands of French Polynesia,France,PF,PYF,258,.pf
87,French Southern Territories (the) ,the French Southern and Antarctic Lands,France,TF,ATF,260,.tf
88,Gabon,the Gabonese Republic,UN member,GA,GAB,266,.ga
89,Gambia (the),the Republic of The Gambia,UN member,GM,GMB,270,.gm
90,Georgia,Georgia,UN member,GE,GEO,268,.ge
91,Germany,the Federal Republic of Germany,UN member,DE,DEU,276,.de
92,Ghana,the Republic of Ghana,UN member,GH,GHA,288,.gh
93,Gibraltar,Gibraltar,United Kingdom,GI,GIB,292,.gi
94,"Great Britain – See United Kingdom, The.",,,,,,
95,Greece,the Hellenic Republic,UN member,GR,GRC,300,.gr
96,Greenland,Greenland,Denmark,GL,GRL,304,.gl
97,Grenada,Grenada,UN member,GD,GRD,308,.gd
98,Guadeloupe,Guadeloupe,France,GP,GLP,312,.gp
99,Guam,Guam,United States,GU,GUM,316,.gu
100,Guatemala,the Republic of Guatemala,UN member,GT,GTM,320,.gt
101,Guernsey,the Bailiwick of Guernsey,British Crown,GG,GGY,831,.gg
102,Guinea,the Republic of Guinea,UN member,GN,GIN,324,.gn
103,Guinea-Bissau,the Republic of Guinea-Bissau,UN member,GW,GNB,624,.gw
104,Guyana,the Co-operative Republic of Guyana,UN member,GY,GUY,328,.gy
105,Haiti,the Republic of Haiti,UN member,HT,HTI,332,.ht
106,Heard Island and McDonald Islands,the Territory of Heard Island and McDonald Islands,Australia,HM,HMD,334,.hm
107,Holy See (the) ,the Holy See,UN observer,VA,VAT,336,.va
108,Honduras,the Republic of Honduras,UN member,HN,HND,340,.hn
109,Hong Kong,the Hong Kong Special Administrative Region of China[10],China,HK,HKG,344,.hk
110,Hungary,Hungary,UN member,HU,HUN,348,.hu
111,Iceland,Iceland,UN member,IS,ISL,352,.is
112,India,the Republic of India,UN member,IN,IND,356,.in
113,Indonesia,the Republic of Indonesia,UN member,ID,IDN,360,.id
114,Iran (Islamic Republic of),the Islamic Republic of Iran,UN member,IR,IRN,364,.ir
115,Iraq,the Republic of Iraq,UN member,IQ,IRQ,368,.iq
116,Ireland,Ireland,UN member,IE,IRL,372,.ie
117,Isle of Man,the Isle of Man,British Crown,IM,IMN,833,.im
118,Israel,the State of Israel,UN member,IL,ISR,376,.il
119,Italy,the Italian Republic,UN member,IT,ITA,380,.it
120,Ivory Coast – See Côte d'Ivoire.,,,,,,
121,Jamaica,Jamaica,UN member,JM,JAM,388,.jm
122,Jan Mayen – See Svalbard and Jan Mayen.,,,,,,
123,Japan,Japan,UN member,JP,JPN,392,.jp
124,Jersey,the Bailiwick of Jersey,British Crown,JE,JEY,832,.je
125,Jordan,the Hashemite Kingdom of Jordan,UN member,JO,JOR,400,.jo
126,Kazakhstan,the Republic of Kazakhstan,UN member,KZ,KAZ,398,.kz
127,Kenya,the Republic of Kenya,UN member,KE,KEN,404,.ke
128,Kiribati,the Republic of Kiribati,UN member,KI,KIR,296,.ki
129,Korea (the Democratic People's Republic of) ,the Democratic People's Republic of Korea,UN member,KP,PRK,408,.kp
130,Korea (the Republic of) ,the Republic of Korea,UN member,KR,KOR,410,.kr
131,Kuwait,the State of Kuwait,UN member,KW,KWT,414,.kw
132,Kyrgyzstan,the Kyrgyz Republic,UN member,KG,KGZ,417,.kg
133,Lao People's Democratic Republic (the) ,the Lao People's Democratic Republic,UN member,LA,LAO,418,.la
134,Latvia,the Republic of Latvia,UN member,LV,LVA,428,.lv
135,Lebanon,the Lebanese Republic,UN member,LB,LBN,422,.lb
136,Lesotho,the Kingdom of Lesotho,UN member,LS,LSO,426,.ls
137,Liberia,the Republic of Liberia,UN member,LR,LBR,430,.lr
138,Libya,the State of Libya,UN member,LY,LBY,434,.ly
139,Liechtenstein,the Principality of Liechtenstein,UN member,LI,LIE,438,.li
140,Lithuania,the Republic of Lithuania,UN member,LT,LTU,440,.lt
141,Luxembourg,the Grand Duchy of Luxembourg,UN member,LU,LUX,442,.lu
142,Macao ,the Macao Special Administrative Region of China[11],China,MO,MAC,446,.mo
143,Madagascar,the Republic of Madagascar,UN member,MG,MDG,450,.mg
144,Malawi,the Republic of Malawi,UN member,MW,MWI,454,.mw
145,Malaysia,Malaysia,UN member,MY,MYS,458,.my
146,Maldives,the Republic of Maldives,UN member,MV,MDV,462,.mv
147,Mali,the Republic of Mali,UN member,ML,MLI,466,.ml
148,Malta,the Republic of Malta,UN member,MT,MLT,470,.mt
149,Marshall Islands (the),the Republic of the Marshall Islands,UN member,MH,MHL,584,.mh
150,Martinique,Martinique,France,MQ,MTQ,474,.mq
151,Mauritania,the Islamic Republic of Mauritania,UN member,MR,MRT,478,.mr
152,Mauritius,the Republic of Mauritius,UN member,MU,MUS,480,.mu
153,Mayotte,the Department of Mayotte,France,YT,MYT,175,.yt
154,Mexico,the United Mexican States,UN member,MX,MEX,484,.mx
155,Micronesia (Federated States of),the Federated States of Micronesia,UN member,FM,FSM,583,.fm
156,Moldova (the Republic of),the Republic of Moldova,UN member,MD,MDA,498,.md
157,Monaco,the Principality of Monaco,UN member,MC,MCO,492,.mc
158,Mongolia,Mongolia,UN member,MN,MNG,496,.mn
159,Montenegro,Montenegro,UN member,ME,MNE,499,.me
160,Montserrat,Montserrat,United Kingdom,MS,MSR,500,.ms
161,Morocco,the Kingdom of Morocco,UN member,MA,MAR,504,.ma
162,Mozambique,the Republic of Mozambique,UN member,MZ,MOZ,508,.mz
163,Myanmar ,the Republic of the Union of Myanmar,UN member,MM,MMR,104,.mm
164,Namibia,the Republic of Namibia,UN member,NA,NAM,516,.na
165,Nauru,the Republic of Nauru,UN member,NR,NRU,520,.nr
166,Nepal,the Federal Democratic Republic of Nepal,UN member,NP,NPL,524,.np
167,Netherlands (Kingdom of the),the Kingdom of the Netherlands,UN member,NL,NLD,528,.nl
168,New Caledonia,New Caledonia,France,NC,NCL,540,.nc
169,New Zealand,New Zealand,UN member,NZ,NZL,554,.nz
170,Nicaragua,the Republic of Nicaragua,UN member,NI,NIC,558,.ni
171,Niger (the),the Republic of the Niger,UN member,NE,NER,562,.ne
172,Nigeria,the Federal Republic of Nigeria,UN member,NG,NGA,566,.ng
173,Niue,Niue,New Zealand,NU,NIU,570,.nu
174,Norfolk Island,the Territory of Norfolk Island,Australia,NF,NFK,574,.nf
175,"North Korea – See Korea, The Democratic People's Republic of.",,,,,,
176,North Macedonia ,the Republic of North Macedonia[12],UN member,MK,MKD,807,.mk
177,Northern Mariana Islands (the),the Commonwealth of the Northern Mariana Islands,United States,MP,MNP,580,.mp
178,Norway,the Kingdom of Norway,UN member,NO,NOR,578,.no
179,Oman,the Sultanate of Oman,UN member,OM,OMN,512,.om
180,Pakistan,the Islamic Republic of Pakistan,UN member,PK,PAK,586,.pk
181,Palau,the Republic of Palau,UN member,PW,PLW,585,.pw
182,"Palestine, State of",the State of Palestine,UN observer,PS,PSE,275,.ps
183,Panama,the Republic of Panama,UN member,PA,PAN,591,.pa
184,Papua New Guinea,the Independent State of Papua New Guinea,UN member,PG,PNG,598,.pg
185,Paraguay,the Republic of Paraguay,UN member,PY,PRY,600,.py
186,People's Republic of China – See China.,,,,,,
187,Peru,the Republic of Peru,UN member,PE,PER,604,.pe
188,Philippines (the),the Republic of the Philippines,UN member,PH,PHL,608,.ph
189,Pitcairn ,"the Pitcairn, Henderson, Ducie and Oeno Islands",United Kingdom,PN,PCN,612,.pn
190,Poland,the Republic of Poland,UN member,PL,POL,616,.pl
191,Portugal,the Portuguese Republic,UN member,PT,PRT,620,.pt
192,Puerto Rico,the Commonwealth of Puerto Rico,United States,PR,PRI,630,.pr
193,Qatar,the State of Qatar,UN member,QA,QAT,634,.qa
194,Republic of China – See Taiwan (Province of China).,,,,,,
195,"Republic of Korea – See Korea, The Republic of.",,,,,,
196,"Republic of the Congo – See Congo, The.",,,,,,
197,Réunion,Réunion,France,RE,REU,638,.re
198,Romania,Romania,UN member,RO,ROU,642,.ro
199,Russian Federation (the) [aa],the Russian Federation,UN member,RU,RUS,643,.ru
200,Rwanda,the Republic of Rwanda,UN member,RW,RWA,646,.rw
201,"Saba – See Bonaire, Sint Eustatius and Saba.",,,,,,
202,Sahrawi Arab Democratic Republic – See Western Sahara.,,,,,,
203,Saint Barthélemy,the Collectivity of Saint-Barthélemy,France,BL,BLM,652,.bl
204,Saint HelenaAscension IslandTristan da Cunha,"Saint Helena, Ascension and Tristan da Cunha",United Kingdom,SH,SHN,654,.sh
205,Saint Kitts and Nevis,the Federation of Saint Kitts and Nevis,UN member,KN,KNA,659,.kn
206,Saint Lucia,Saint Lucia,UN member,LC,LCA,662,.lc
207,Saint Martin (French part),the Collectivity of Saint-Martin,France,MF,MAF,663,.mf
208,Saint Pierre and Miquelon,the Overseas Collectivity of Saint-Pierre and Miquelon,France,PM,SPM,666,.pm
209,Saint Vincent and the Grenadines,Saint Vincent and the Grenadines,UN member,VC,VCT,670,.vc
210,Samoa,the Independent State of Samoa,UN member,WS,WSM,882,.ws
211,San Marino,the Republic of San Marino,UN member,SM,SMR,674,.sm
212,Sao Tome and Principe,the Democratic Republic of São Tomé and Príncipe,UN member,ST,STP,678,.st
213,Saudi Arabia,the Kingdom of Saudi Arabia,UN member,SA,SAU,682,.sa
214,Senegal,the Republic of Senegal,UN member,SN,SEN,686,.sn
215,Serbia,the Republic of Serbia,UN member,RS,SRB,688,.rs
216,Seychelles,the Republic of Seychelles,UN member,SC,SYC,690,.sc
217,Sierra Leone,the Republic of Sierra Leone,UN member,SL,SLE,694,.sl
218,Singapore,the Republic of Singapore,UN member,SG,SGP,702,.sg
219,"Sint Eustatius – See Bonaire, Sint Eustatius and Saba.",,,,,,
220,Sint Maarten (Dutch part),Sint Maarten,Netherlands,SX,SXM,534,.sx
221,Slovakia,the Slovak Republic,UN member,SK,SVK,703,.sk
222,Slovenia,the Republic of Slovenia,UN member,SI,SVN,705,.si
223,Solomon Islands,the Solomon Islands,UN member,SB,SLB,090,.sb
224,Somalia,the Federal Republic of Somalia,UN member,SO,SOM,706,.so
225,South Africa,the Republic of South Africa,UN member,ZA,ZAF,710,.za
226,South Georgia and the South Sandwich Islands,South Georgia and the South Sandwich Islands,United Kingdom,GS,SGS,239,.gs
227,"South Korea – See Korea, The Republic of.",,,,,,
228,South Sudan,the Republic of South Sudan,UN member,SS,SSD,728,.ss
229,Spain,the Kingdom of Spain,UN member,ES,ESP,724,.es
230,Sri Lanka,the Democratic Socialist Republic of Sri Lanka,UN member,LK,LKA,144,.lk
231,Sudan (the),the Republic of the Sudan,UN member,SD,SDN,729,.sd
232,Suriname,the Republic of Suriname,UN member,SR,SUR,740,.sr
233,SvalbardJan Mayen,Svalbard and Jan Mayen,Norway,SJ,SJM,744,[ab]
234,Sweden,the Kingdom of Sweden,UN member,SE,SWE,752,.se
235,Switzerland,the Swiss Confederation,UN member,CH,CHE,756,.ch
236,Syrian Arab Republic (the) [ac],the Syrian Arab Republic,UN member,SY,SYR,760,.sy
237, Taiwan (Province of China) [ad],the Republic of China,Disputed [ae],TW,TWN,158,.tw
238,Tajikistan,the Republic of Tajikistan,UN member,TJ,TJK,762,.tj
239,"Tanzania, the United Republic of",the United Republic of Tanzania,UN member,TZ,TZA,834,.tz
240,Thailand,the Kingdom of Thailand,UN member,TH,THA,764,.th
241,Timor-Leste [af],the Democratic Republic of Timor-Leste,UN member,TL,TLS,626,.tl
242,Togo,the Togolese Republic,UN member,TG,TGO,768,.tg
243,Tokelau,Tokelau,New Zealand,TK,TKL,772,.tk
244,Tonga,the Kingdom of Tonga,UN member,TO,TON,776,.to
245,Trinidad and Tobago,the Republic of Trinidad and Tobago,UN member,TT,TTO,780,.tt
246,Tunisia,the Republic of Tunisia,UN member,TN,TUN,788,.tn
247,Türkiye[ag],the Republic of Türkiye,UN member,TR,TUR,792,.tr
248,Turkmenistan,Turkmenistan,UN member,TM,TKM,795,.tm
249,Turks and Caicos Islands (the),the Turks and Caicos Islands,United Kingdom,TC,TCA,796,.tc
250,Tuvalu,Tuvalu,UN member,TV,TUV,798,.tv
251,Uganda,the Republic of Uganda,UN member,UG,UGA,800,.ug
252,Ukraine,Ukraine,UN member,UA,UKR,804,.ua
253,United Arab Emirates (the),the United Arab Emirates,UN member,AE,ARE,784,.ae
254,United Kingdom of Great Britain and Northern Ireland (the),the United Kingdom of Great Britain and Northern Ireland,UN member,GB,GBR,826,.gb .uk [ah]
255,United States Minor Outlying Islands (the)[13][ai],"United States Pacific Island Wildlife Refuges,[14] NavassaIsland, and WakeIsland",United States,UM,UMI,581,[aj]
256,United States of America (the),the United States of America,UN member,US,USA,840,.us
257,United States Virgin Islands – See Virgin Islands (U.S.).,,,,,,
258,Uruguay,the Oriental Republic of Uruguay,UN member,UY,URY,858,.uy
259,Uzbekistan,the Republic of Uzbekistan,UN member,UZ,UZB,860,.uz
260,Vanuatu,the Republic of Vanuatu,UN member,VU,VUT,548,.vu
261,"Vatican City – See Holy See, The.",,,,,,
262,Venezuela (Bolivarian Republic of),the Bolivarian Republic of Venezuela,UN member,VE,VEN,862,.ve
263,Viet Nam [ak],the Socialist Republic of Viet Nam,UN member,VN,VNM,704,.vn
264,Virgin Islands (British) [al],the Virgin Islands,United Kingdom,VG,VGB,092,.vg
265,Virgin Islands (U.S.) [am],the Virgin Islands of the United States,United States,VI,VIR,850,.vi
266,Wallis and Futuna,the Territory of the Wallis and Futuna Islands,France,WF,WLF,876,.wf
267,Western Sahara [an],the Sahrawi Arab Democratic Republic,Disputed [ao],EH,ESH,732,[ap]
268,Yemen,the Republic of Yemen,UN member,YE,YEM,887,.ye
269,Zambia,the Republic of Zambia,UN member,ZM,ZMB,894,.zm
270,Zimbabwe,the Republic of Zimbabwe,UN member,ZW,ZWE,716,.zw
